{"train_losses": [1.98651123046875, 1.950927906566196, 1.942686465051439, 1.9396154880523682, 1.9257526132795546, 1.9205853276782565, 1.9190791183047824, 1.9182805220286052, 1.910057372517056, 1.9060600598653157, 1.9061425526936848, 1.9001537826326158, 1.8986068036821153, 1.8967822790145874, 1.896157185236613, 1.8951540258195665, 1.889263974295722, 1.8864930470784504, 1.8857688771353827, 1.8813925054338243, 1.8780599567625258, 1.87774215804206, 1.8762108352449205, 1.8740345239639282, 1.8740589883592393, 1.8686351511213515, 1.866771658261617, 1.8614580233891804, 1.8640996350182428, 1.8624924023946126, 1.8575073215696547, 1.8590035041173298, 1.858094294865926, 1.8539925283855863, 1.8481319215562608, 1.846081362830268, 1.8460501167509291, 1.8454741504457262, 1.8464309639400907, 1.8432321416007147, 1.8392295042673747, 1.83443111843533, 1.8329277833302815, 1.8336911863750882, 1.8312852647569444, 1.8307735390133328, 1.8310599724451702, 1.8255313899781969, 1.8245079384909735, 1.8245145347383287], "val_losses": [1.987217903137207, 2.0384044647216797, 2.033747911453247, 1.9976245164871216, 1.9868415594100952, 1.9781779050827026, 1.9878898859024048, 2.0103189945220947, 2.007258176803589, 1.9962486028671265, 1.9928768873214722, 1.999571681022644, 2.005733013153076, 2.0315957069396973, 2.0350358486175537, 2.030273675918579, 2.0226171016693115, 2.0275402069091797, 2.0259459018707275, 2.0243208408355713, 2.0404880046844482, 2.049795150756836, 2.04781436920166, 2.0479507446289062, 2.042210340499878, 2.0403335094451904, 2.039663553237915, 2.054704189300537, 2.0696582794189453, 2.07734751701355, 2.0749142169952393, 2.0628819465637207, 2.05788254737854, 2.065642833709717, 2.067735195159912, 2.071112632751465, 2.0809874534606934, 2.082810401916504, 2.0971596240997314, 2.083489179611206, 2.0866596698760986, 2.0815114974975586, 2.0783443450927734, 2.074894666671753, 2.0739943981170654, 2.0746970176696777, 2.0903358459472656, 2.0974457263946533, 2.1048576831817627, 2.1004674434661865], "val_accuracies": [0.1875, 0.0625, 0.0625, 0.0625, 0.0625, 0.1875, 0.3125, 0.25, 0.125, 0.125, 0.125, 0.125, 0.125, 0.125, 0.125, 0.125, 0.1875, 0.1875, 0.1875, 0.125, 0.125, 0.125, 0.125, 0.125, 0.125, 0.0625, 0.0625, 0.125, 0.125, 0.1875, 0.125, 0.0625, 0.0625, 0.0625, 0.0625, 0.0625, 0.0625, 0.0625, 0.0625, 0.0625, 0.0625, 0.0625, 0.0625, 0.0625, 0.0625, 0.125, 0.0625, 0.0625, 0.0625, 0.0625]}